<?xml version="1.0" encoding="UTF-8" ?>
<!-- 
B2C2 Template Demo Content - Importação WordPress
Baseado na estrutura EXATA do B2C2.com
Compatible with WordPress Importer Plugin
-->
<rss version="2.0"
	xmlns:excerpt="http://wordpress.org/export/1.2/excerpt/"
	xmlns:content="http://purl.org/rss/1.0/modules/content/"
	xmlns:wfw="http://wellformedweb.org/CommentAPI/"
	xmlns:dc="http://purl.org/dc/elements/1.1/"
	xmlns:wp="http://wordpress.org/export/1.2/">

<channel>
	<title>B2C2 Template Demo Content</title>
	<link>https://demo.b2c2-template.com</link>
	<description>Demo content for B2C2 WordPress template based on the real B2C2.com website</description>
	<pubDate>Thu, 30 Jan 2025 12:00:00 +0000</pubDate>
	<language>en-US</language>
	<wp:wxr_version>1.2</wp:wxr_version>
	<wp:base_site_url>https://demo.b2c2-template.com</wp:base_site_url>
	<wp:base_blog_url>https://demo.b2c2-template.com</wp:base_blog_url>

	<!-- Categories -->
	<wp:category>
		<wp:term_id>1</wp:term_id>
		<wp:category_nicename>press-releases</wp:category_nicename>
		<wp:category_parent></wp:category_parent>
		<wp:cat_name><![CDATA[Press Releases]]></wp:cat_name>
		<wp:category_description><![CDATA[Official press releases and announcements]]></wp:category_description>
	</wp:category>

	<wp:category>
		<wp:term_id>2</wp:term_id>
		<wp:category_nicename>institutional-insights</wp:category_nicename>
		<wp:category_parent></wp:category_parent>
		<wp:cat_name><![CDATA[Institutional Insights]]></wp:cat_name>
		<wp:category_description><![CDATA[Market insights for institutional clients]]></wp:category_description>
	</wp:category>

	<wp:category>
		<wp:term_id>3</wp:term_id>
		<wp:category_nicename>events</wp:category_nicename>
		<wp:category_parent></wp:category_parent>
		<wp:cat_name><![CDATA[Events]]></wp:cat_name>
		<wp:category_description><![CDATA[Industry events and conferences]]></wp:category_description>
	</wp:category>

	<!-- Press Release 1 -->
	<item>
		<title>B2C2 Expands Institutional Digital Asset Services to European Markets</title>
		<link>https://demo.b2c2-template.com/news/b2c2-expands-institutional-digital-asset-services-to-european-markets/</link>
		<pubDate>Mon, 27 Jan 2025 10:00:00 +0000</pubDate>
		<dc:creator><![CDATA[admin]]></dc:creator>
		<guid isPermaLink="false">https://demo.b2c2-template.com/?post_type=press_release&#038;p=101</guid>
		<description></description>
		<content:encoded><![CDATA[<p>B2C2, a leading digital asset liquidity provider, today announced the expansion of its institutional services to key European markets, strengthening its position as the partner of choice for diverse institutions globally.</p>

<p>The expansion includes enhanced trading infrastructure, dedicated European support teams, and compliance with local regulatory frameworks across major European financial centers.</p>

<h2>Key Expansion Highlights</h2>

<ul>
<li>24/7 institutional-grade trading infrastructure</li>
<li>Compliance with European regulatory standards</li>
<li>Dedicated European client support teams</li>
<li>Enhanced liquidity provision for institutional clients</li>
</ul>

<p>"This expansion represents a significant milestone in our global growth strategy," said Max Boonen, CEO of B2C2. "European institutions are increasingly seeking sophisticated digital asset solutions, and we're proud to provide the technology and expertise they need."</p>

<h2>About the European Expansion</h2>

<p>The European expansion builds on B2C2's proven track record of serving institutional clients worldwide. The company's proprietary technology platform enables seamless execution for banks, hedge funds, asset managers, and other institutional clients.</p>

<p>B2C2's European operations will provide the same level of service excellence that has made the company a trusted partner for institutions globally, with localized support and regulatory compliance tailored to European markets.</p>]]></content:encoded>
		<excerpt:encoded><![CDATA[B2C2 announces expansion of institutional digital asset services to European markets, providing enhanced trading infrastructure and regulatory compliance for institutional clients.]]></excerpt:encoded>
		<wp:post_id>101</wp:post_id>
		<wp:post_date>2025-01-27 10:00:00</wp:post_date>
		<wp:post_date_gmt>2025-01-27 10:00:00</wp:post_date_gmt>
		<wp:post_modified>2025-01-27 10:00:00</wp:post_modified>
		<wp:post_modified_gmt>2025-01-27 10:00:00</wp:post_modified_gmt>
		<wp:comment_status>closed</wp:comment_status>
		<wp:ping_status>closed</wp:ping_status>
		<wp:post_name>b2c2-expands-institutional-digital-asset-services-to-european-markets</wp:post_name>
		<wp:status>publish</wp:status>
		<wp:post_parent>0</wp:post_parent>
		<wp:menu_order>0</wp:menu_order>
		<wp:post_type>press_release</wp:post_type>
		<wp:post_password></wp:post_password>
		<wp:is_sticky>0</wp:is_sticky>
		<category domain="news_category" nicename="press-releases"><![CDATA[Press Releases]]></category>
		<wp:postmeta>
			<wp:meta_key>featured</wp:meta_key>
			<wp:meta_value><![CDATA[1]]></wp:meta_value>
		</wp:postmeta>
	</item>

	<!-- Press Release 2 -->
	<item>
		<title>B2C2 Achieves Record Trading Volumes in Q4 2024</title>
		<link>https://demo.b2c2-template.com/news/b2c2-achieves-record-trading-volumes-q4-2024/</link>
		<pubDate>Fri, 24 Jan 2025 14:30:00 +0000</pubDate>
		<dc:creator><![CDATA[admin]]></dc:creator>
		<guid isPermaLink="false">https://demo.b2c2-template.com/?post_type=press_release&#038;p=102</guid>
		<description></description>
		<content:encoded><![CDATA[<p>B2C2 today reported record trading volumes for Q4 2024, demonstrating continued growth in institutional adoption of digital assets and the company's leadership position in providing institutional-grade liquidity solutions.</p>

<p>The record performance reflects increasing institutional demand for sophisticated digital asset trading solutions and B2C2's ability to serve clients across diverse market conditions.</p>

<h2>Q4 2024 Performance Highlights</h2>

<ul>
<li>Record quarterly trading volumes across all asset classes</li>
<li>Significant growth in institutional client base</li>
<li>Enhanced platform performance and reliability</li>
<li>Expansion of product offerings and supported assets</li>
</ul>

<p>"These record results demonstrate the strength of our technology platform and the trust that institutional clients place in B2C2," said the company's Head of Sales. "We continue to see strong demand for our liquidity solutions across all market segments."</p>

<h2>Market Leadership</h2>

<p>B2C2's Q4 performance reinforces its position as a leading institutional digital asset liquidity provider. The company's proprietary technology and deep market expertise enable it to provide superior execution quality for institutional clients worldwide.</p>

<p>The strong performance across diverse market conditions demonstrates the resilience and scalability of B2C2's business model and technology infrastructure.</p>]]></content:encoded>
		<excerpt:encoded><![CDATA[B2C2 reports record trading volumes for Q4 2024, reflecting growing institutional adoption and the company's market-leading position in digital asset liquidity provision.]]></excerpt:encoded>
		<wp:post_id>102</wp:post_id>
		<wp:post_date>2025-01-24 14:30:00</wp:post_date>
		<wp:post_date_gmt>2025-01-24 14:30:00</wp:post_date_gmt>
		<wp:post_modified>2025-01-24 14:30:00</wp:post_modified>
		<wp:post_modified_gmt>2025-01-24 14:30:00</wp:post_modified_gmt>
		<wp:comment_status>closed</wp:comment_status>
		<wp:ping_status>closed</wp:ping_status>
		<wp:post_name>b2c2-achieves-record-trading-volumes-q4-2024</wp:post_name>
		<wp:status>publish</wp:status>
		<wp:post_parent>0</wp:post_parent>
		<wp:menu_order>0</wp:menu_order>
		<wp:post_type>press_release</wp:post_type>
		<wp:post_password></wp:post_password>
		<wp:is_sticky>0</wp:is_sticky>
		<category domain="news_category" nicename="press-releases"><![CDATA[Press Releases]]></category>
		<wp:postmeta>
			<wp:meta_key>featured</wp:meta_key>
			<wp:meta_value><![CDATA[1]]></wp:meta_value>
		</wp:postmeta>
	</item>

	<!-- Institutional Solution 1 -->
	<item>
		<title>Trading Overview</title>
		<link>https://demo.b2c2-template.com/solutions/trading-overview/</link>
		<pubDate>Mon, 20 Jan 2025 09:00:00 +0000</pubDate>
		<dc:creator><![CDATA[admin]]></dc:creator>
		<guid isPermaLink="false">https://demo.b2c2-template.com/?post_type=institutional_solution&#038;p=201</guid>
		<description></description>
		<content:encoded><![CDATA[<p>B2C2 provides institutional-grade digital asset trading solutions designed for sophisticated market participants. Our proprietary technology platform delivers superior execution quality and reliability for institutional clients worldwide.</p>

<h2>Key Features</h2>

<ul>
<li>24/7 trading across multiple digital assets</li>
<li>Institutional-grade execution quality</li>
<li>Advanced risk management systems</li>
<li>Comprehensive reporting and analytics</li>
<li>API connectivity for seamless integration</li>
</ul>

<h2>Technology Infrastructure</h2>

<p>Our cutting-edge technology platform is built from the ground up to meet the demanding requirements of institutional clients. With ultra-low latency execution, robust risk controls, and comprehensive monitoring systems, we provide the reliability and performance that institutions demand.</p>

<h2>Market Coverage</h2>

<p>B2C2 provides liquidity across major digital assets including Bitcoin, Ethereum, and other leading cryptocurrencies. Our deep market expertise and extensive network of counterparties enable us to provide competitive pricing and reliable execution across all market conditions.</p>

<h2>Risk Management</h2>

<p>Our comprehensive risk management framework includes real-time monitoring, automated controls, and sophisticated analytics to ensure optimal risk-adjusted returns for our clients. We maintain the highest standards of operational security and regulatory compliance.</p>]]></content:encoded>
		<excerpt:encoded><![CDATA[Institutional-grade digital asset trading solutions with superior execution quality, advanced risk management, and 24/7 reliability for sophisticated market participants.]]></excerpt:encoded>
		<wp:post_id>201</wp:post_id>
		<wp:post_date>2025-01-20 09:00:00</wp:post_date>
		<wp:post_date_gmt>2025-01-20 09:00:00</wp:post_date_gmt>
		<wp:post_modified>2025-01-20 09:00:00</wp:post_modified>
		<wp:post_modified_gmt>2025-01-20 09:00:00</wp:post_modified_gmt>
		<wp:comment_status>closed</wp:comment_status>
		<wp:ping_status>closed</wp:ping_status>
		<wp:post_name>trading-overview</wp:post_name>
		<wp:status>publish</wp:status>
		<wp:post_parent>0</wp:post_parent>
		<wp:menu_order>1</wp:menu_order>
		<wp:post_type>institutional_solution</wp:post_type>
		<wp:post_password></wp:post_password>
		<wp:is_sticky>0</wp:is_sticky>
	</item>

	<!-- Institutional Solution 2 -->
	<item>
		<title>OTC Products</title>
		<link>https://demo.b2c2-template.com/solutions/otc-products/</link>
		<pubDate>Mon, 20 Jan 2025 09:15:00 +0000</pubDate>
		<dc:creator><![CDATA[admin]]></dc:creator>
		<guid isPermaLink="false">https://demo.b2c2-template.com/?post_type=institutional_solution&#038;p=202</guid>
		<description></description>
		<content:encoded><![CDATA[<p>B2C2's over-the-counter (OTC) products provide institutional clients with access to large-scale digital asset transactions away from public order books. Our OTC solutions are designed for banks, hedge funds, asset managers, and other institutional market participants.</p>

<h2>OTC Trading Solutions</h2>

<ul>
<li>Large block trading with minimal market impact</li>
<li>Competitive pricing for institutional-size transactions</li>
<li>Customized settlement arrangements</li>
<li>Professional execution and settlement services</li>
<li>Comprehensive trade reporting and documentation</li>
</ul>

<h2>Structured Products</h2>

<p>We offer a range of structured digital asset products tailored to institutional requirements, including options, forwards, and other derivative instruments. Our structured products team works closely with clients to develop customized solutions that meet specific investment objectives and risk parameters.</p>

<h2>Settlement and Custody</h2>

<p>B2C2 partners with leading digital asset custodians to provide secure settlement and custody solutions for institutional clients. Our settlement processes are designed to meet institutional standards for operational security, regulatory compliance, and audit requirements.</p>

<h2>Regulatory Compliance</h2>

<p>All OTC products and services are provided in compliance with applicable regulatory requirements. We maintain comprehensive policies and procedures to ensure adherence to relevant regulations across all jurisdictions where we operate.</p>]]></content:encoded>
		<excerpt:encoded><![CDATA[Over-the-counter digital asset products for institutional clients, including large block trading, structured products, and professional settlement services.]]></excerpt:encoded>
		<wp:post_id>202</wp:post_id>
		<wp:post_date>2025-01-20 09:15:00</wp:post_date>
		<wp:post_date_gmt>2025-01-20 09:15:00</wp:post_date_gmt>
		<wp:post_modified>2025-01-20 09:15:00</wp:post_modified>
		<wp:post_modified_gmt>2025-01-20 09:15:00</wp:post_modified_gmt>
		<wp:comment_status>closed</wp:comment_status>
		<wp:ping_status>closed</wp:ping_status>
		<wp:post_name>otc-products</wp:post_name>
		<wp:status>publish</wp:status>
		<wp:post_parent>0</wp:post_parent>
		<wp:menu_order>2</wp:menu_order>
		<wp:post_type>institutional_solution</wp:post_type>
		<wp:post_password></wp:post_password>
		<wp:is_sticky>0</wp:is_sticky>
	</item>

	<!-- Insight 1 -->
	<item>
		<title>Digital Asset Market Outlook 2025: Institutional Adoption Trends</title>
		<link>https://demo.b2c2-template.com/insights/digital-asset-market-outlook-2025-institutional-adoption-trends/</link>
		<pubDate>Wed, 22 Jan 2025 11:00:00 +0000</pubDate>
		<dc:creator><![CDATA[admin]]></dc:creator>
		<guid isPermaLink="false">https://demo.b2c2-template.com/?post_type=insight&#038;p=301</guid>
		<description></description>
		<content:encoded><![CDATA[<p>As we enter 2025, the digital asset landscape continues to evolve rapidly, with institutional adoption remaining a key driver of market development. This comprehensive analysis examines the trends shaping institutional participation in digital asset markets.</p>

<h2>Key Institutional Trends</h2>

<p>Institutional adoption of digital assets has accelerated significantly, driven by improving infrastructure, regulatory clarity, and growing recognition of digital assets as a legitimate asset class. Major banks, asset managers, and corporate treasuries are increasingly incorporating digital assets into their operations and investment strategies.</p>

<h3>Infrastructure Development</h3>

<ul>
<li>Enhanced custody solutions meeting institutional standards</li>
<li>Improved trading infrastructure with institutional-grade execution</li>
<li>Comprehensive risk management and compliance systems</li>
<li>Professional services and support tailored to institutional needs</li>
</ul>

<h3>Regulatory Progress</h3>

<p>Regulatory frameworks continue to develop globally, providing greater clarity and confidence for institutional participants. Key jurisdictions are implementing comprehensive regulatory regimes that address custody, trading, and reporting requirements for digital assets.</p>

<h2>Market Implications</h2>

<p>The continued growth in institutional adoption is expected to drive several important market developments:</p>

<ul>
<li>Increased market liquidity and reduced volatility</li>
<li>Greater price discovery efficiency</li>
<li>Enhanced market infrastructure and professional services</li>
<li>Broader integration with traditional financial markets</li>
</ul>

<h2>Looking Ahead</h2>

<p>As institutional participation continues to grow, we expect to see further professionalization of digital asset markets, with improved infrastructure, enhanced regulatory frameworks, and greater integration with traditional financial systems.</p>]]></content:encoded>
		<excerpt:encoded><![CDATA[Comprehensive analysis of institutional adoption trends in digital asset markets for 2025, examining infrastructure development, regulatory progress, and market implications.]]></excerpt:encoded>
		<wp:post_id>301</wp:post_id>
		<wp:post_date>2025-01-22 11:00:00</wp:post_date>
		<wp:post_date_gmt>2025-01-22 11:00:00</wp:post_date_gmt>
		<wp:post_modified>2025-01-22 11:00:00</wp:post_modified>
		<wp:post_modified_gmt>2025-01-22 11:00:00</wp:post_modified_gmt>
		<wp:comment_status>closed</wp:comment_status>
		<wp:ping_status>closed</wp:ping_status>
		<wp:post_name>digital-asset-market-outlook-2025-institutional-adoption-trends</wp:post_name>
		<wp:status>publish</wp:status>
		<wp:post_parent>0</wp:post_parent>
		<wp:menu_order>0</wp:menu_order>
		<wp:post_type>insight</wp:post_type>
		<wp:post_password></wp:post_password>
		<wp:is_sticky>0</wp:is_sticky>
	</item>

	<!-- Event 1 -->
	<item>
		<title>Digital Asset Summit London 2025</title>
		<link>https://demo.b2c2-template.com/events/digital-asset-summit-london-2025/</link>
		<pubDate>Thu, 16 Jan 2025 16:00:00 +0000</pubDate>
		<dc:creator><![CDATA[admin]]></dc:creator>
		<guid isPermaLink="false">https://demo.b2c2-template.com/?post_type=event&#038;p=401</guid>
		<description></description>
		<content:encoded><![CDATA[<p>Join B2C2 at the Digital Asset Summit London 2025, where industry leaders will discuss the future of institutional digital asset adoption and market infrastructure development.</p>

<h2>Event Details</h2>

<ul>
<li><strong>Date:</strong> March 15-16, 2025</li>
<li><strong>Location:</strong> The Shard, London</li>
<li><strong>Time:</strong> 9:00 AM - 6:00 PM (GMT)</li>
</ul>

<h2>B2C2 Participation</h2>

<p>B2C2 will be participating as a platinum sponsor and will host several key sessions focused on institutional trading infrastructure and market liquidity provision. Our team will be available throughout the event to discuss our latest solutions and market insights.</p>

<h3>Speaking Sessions</h3>

<ul>
<li>Keynote: "The Future of Institutional Digital Asset Trading"</li>
<li>Panel: "Building Robust Market Infrastructure"</li>
<li>Workshop: "Advanced Trading Strategies for Institutions"</li>
</ul>

<h2>Networking Opportunities</h2>

<p>The summit provides excellent networking opportunities with leading institutional market participants, including banks, hedge funds, asset managers, and technology providers. B2C2 will host a private reception for select clients and partners.</p>

<h2>Registration</h2>

<p>Registration is required for this exclusive institutional event. Contact our team for invitation details and registration assistance.</p>]]></content:encoded>
		<excerpt:encoded><![CDATA[B2C2 participates in the Digital Asset Summit London 2025, featuring keynote presentations and networking opportunities for institutional market participants.]]></excerpt:encoded>
		<wp:post_id>401</wp:post_id>
		<wp:post_date>2025-01-16 16:00:00</wp:post_date>
		<wp:post_date_gmt>2025-01-16 16:00:00</wp:post_date_gmt>
		<wp:post_modified>2025-01-16 16:00:00</wp:post_modified>
		<wp:post_modified_gmt>2025-01-16 16:00:00</wp:post_modified_gmt>
		<wp:comment_status>closed</wp:comment_status>
		<wp:ping_status>closed</wp:ping_status>
		<wp:post_name>digital-asset-summit-london-2025</wp:post_name>
		<wp:status>publish</wp:status>
		<wp:post_parent>0</wp:post_parent>
		<wp:menu_order>0</wp:menu_order>
		<wp:post_type>event</wp:post_type>
		<wp:post_password></wp:post_password>
		<wp:is_sticky>0</wp:is_sticky>
		<wp:postmeta>
			<wp:meta_key>event_date</wp:meta_key>
			<wp:meta_value><![CDATA[2025-03-15]]></wp:meta_value>
		</wp:postmeta>
		<wp:postmeta>
			<wp:meta_key>event_location</wp:meta_key>
			<wp:meta_value><![CDATA[The Shard, London]]></wp:meta_value>
		</wp:postmeta>
	</item>

	<!-- Pages -->
	<item>
		<title>Home</title>
		<link>https://demo.b2c2-template.com/</link>
		<pubDate>Mon, 13 Jan 2025 12:00:00 +0000</pubDate>
		<dc:creator><![CDATA[admin]]></dc:creator>
		<guid isPermaLink="false">https://demo.b2c2-template.com/?page_id=2</guid>
		<description></description>
		<content:encoded><![CDATA[<!-- This page uses the front-page.php template -->]]></content:encoded>
		<excerpt:encoded><![CDATA[]]></excerpt:encoded>
		<wp:post_id>2</wp:post_id>
		<wp:post_date>2025-01-13 12:00:00</wp:post_date>
		<wp:post_date_gmt>2025-01-13 12:00:00</wp:post_date_gmt>
		<wp:post_modified>2025-01-13 12:00:00</wp:post_modified>
		<wp:post_modified_gmt>2025-01-13 12:00:00</wp:post_modified_gmt>
		<wp:comment_status>closed</wp:comment_status>
		<wp:ping_status>closed</wp:ping_status>
		<wp:post_name>home</wp:post_name>
		<wp:status>publish</wp:status>
		<wp:post_parent>0</wp:post_parent>
		<wp:menu_order>0</wp:menu_order>
		<wp:post_type>page</wp:post_type>
		<wp:post_password></wp:post_password>
		<wp:is_sticky>0</wp:is_sticky>
	</item>

	<item>
		<title>Client Onboarding</title>
		<link>https://demo.b2c2-template.com/client-onboarding/</link>
		<pubDate>Mon, 13 Jan 2025 12:30:00 +0000</pubDate>
		<dc:creator><![CDATA[admin]]></dc:creator>
		<guid isPermaLink="false">https://demo.b2c2-template.com/?page_id=501</guid>
		<description></description>
		<content:encoded><![CDATA[<h1>Client Onboarding</h1>

<p>B2C2's streamlined client onboarding process is designed to get institutional clients trading quickly while maintaining the highest standards of compliance and security.</p>

<h2>Onboarding Process</h2>

<ol>
<li><strong>Initial Consultation</strong> - Discuss your trading requirements and institutional needs</li>
<li><strong>Documentation Review</strong> - Complete necessary KYC and compliance documentation</li>
<li><strong>Account Setup</strong> - Configure trading accounts and system access</li>
<li><strong>Integration Testing</strong> - Test API connectivity and trading systems</li>
<li><strong>Go Live</strong> - Begin live trading with full support</li>
</ol>

<h2>Requirements</h2>

<ul>
<li>Institutional client status verification</li>
<li>Comprehensive KYC documentation</li>
<li>Risk management policy review</li>
<li>Technical integration requirements</li>
<li>Compliance with applicable regulations</li>
</ul>

<h2>Support Team</h2>

<p>Our dedicated client onboarding team provides personalized support throughout the entire process, ensuring a smooth transition to live trading. We work closely with your technical and compliance teams to address any requirements or concerns.</p>

<h2>Get Started</h2>

<p>Ready to begin the onboarding process? Contact our institutional sales team to schedule an initial consultation and learn more about our comprehensive range of digital asset trading solutions.</p>]]></content:encoded>
		<excerpt:encoded><![CDATA[Streamlined client onboarding process for institutional clients, with comprehensive support and compliance assistance.]]></excerpt:encoded>
		<wp:post_id>501</wp:post_id>
		<wp:post_date>2025-01-13 12:30:00</wp:post_date>
		<wp:post_date_gmt>2025-01-13 12:30:00</wp:post_date_gmt>
		<wp:post_modified>2025-01-13 12:30:00</wp:post_modified>
		<wp:post_modified_gmt>2025-01-13 12:30:00</wp:post_modified_gmt>
		<wp:comment_status>closed</wp:comment_status>
		<wp:ping_status>closed</wp:ping_status>
		<wp:post_name>client-onboarding</wp:post_name>
		<wp:status>publish</wp:status>
		<wp:post_parent>0</wp:post_parent>
		<wp:menu_order>0</wp:menu_order>
		<wp:post_type>page</wp:post_type>
		<wp:post_password></wp:post_password>
		<wp:is_sticky>0</wp:is_sticky>
	</item>

</channel>
</rss>